{
    "Types" :[
        {
            "Description": "TypeMalfunction",
            "Type": "30",
            "CodeGrp": "PMMALFUN",
            "Code": "DEFE",
            "Key":"30,DEFE",
            "Rbnr": "PMMALFUNC"
        },
        {
            "Description":"TypeAnomalyRed",
            "Type": "40",
            "CodeGrp": "PMANOMAL",
            "Code": "RED",
            "Key":"40,RED",
            "Rbnr": "PMANOMALY"
        },
        {
            "Description":"TypeAnomalyBlue",
            "Type": "40",
            "CodeGrp": "PMANOMAL",
            "Code": "BLUE",
            "Key":"40,BLUE",
            "Rbnr": "PMANOMALY"
        },
        {
            "Description":"TypeImprovementBlue",
            "Type": "50",
            "CodeGrp": "PMIMPROV",
            "Code": "BLUE",
            "Key":"50,BLUE",
            "Rbnr": "PMPROJECT"
        },
        {
            "Description":"TypeImprovementRed",
            "Type": "50",
            "CodeGrp": "PMIMPROV",
            "Code": "RED",
            "Key":"50,RED",
            "Rbnr": "PMPROJECT"
        },
        {
            "Description": "TypeGerneral",
            "Type": "60",
            "CodeGrp": "PMFUGENE",
            "Code": "GENE",
            "Key":"60,GENE",
            "Rbnr": "PMFUGENE"
        },
        {
            "Description": "TypeProdReq",
            "Type": "70",
            "CodeGrp": "PMFUPROD",
            "Code": "PROD",
            "Key":"70,PROD",
            "Rbnr": "PMFUPROD"
        },
        {
            "Description": "TypeConditionBased",
            "Type": "20",
            "CodeGrp": "PMPMCB",
            "Code": "1TIM",
            "Key":"20,1TIM",
            "Rbnr": "PMPMCB"
        },



       
        {
            "Description": "BlueAnomalyInspectionRounds",
            "Type": "20",
            "CodeGrp": "PMPMCB",
            "Code": "INRB",
            "Key":"20,INRB",
            "Rbnr": "PMPMCB"
        },
        {
            "Description": "RedAnomalyInspectionRounds",
            "Type": "20",
            "CodeGrp": "PMPMCB",
            "Code": "INRR",
            "Key":"20,INRR",
            "Rbnr": "PMPMCB"
        },
        {
            "Description": "PreventiveFollowUp",
            "Type": "10",
            "CodeGrp": "PMPMSH",
            "Code": "TBMP",
            "Key":"10,TBMP",
            "Rbnr": "PMPMCB"
        }

    ]
}