{
    "Country": [
        {
            "Name": "AM Belgium",
            "Code": "AMBEL",
            "Details": {
                "Language": "EN,FR,NL",
                "Sites": [
                    {
                        "Name": "Genk",
                        "Plant": "BEC0",
                        "Systems": [
                            {
                                "SapSysId": "ACE",
                                "SysDesc": "ACE acceptance"
                            }
                        ]
                    },
                    {
                        "Name": "Gent",
                        "Plant": "BEA0",
                        "Systems": [
                            {
                                "SapSysId": "ACE",
                                "SysDesc": "ACE acceptance"
                            }
                        ]
                    },
                    {
                        "Name": "Geel",
                        "Plant": "BEB0",
                        "Systems": [
                            {
                                "SapSysId": "ACE",
                                "SysDesc": "ACE acceptance"
                            }
                        ]
                    },
                    {
                        "Name": "Liege",
                        "Plant": "BED0",
                        "Systems": [
                            {
                                "SapSysId": "ACE",
                                "SysDesc": "ACE acceptance"
                            }
                        ]
                    }
                ]
            }
        },
        {
            "Name": "AM Bremen GmbH",
            "Code": "AMBRE",
            "Details": {
                "Language": "DE,EN",
                "Sites": [
                    {
                        "Name": "Bremen",
                        "Plant": "DEB0",
                        "Systems": [
                            {
                                "SapSysId": "ACE",
                                "SysDesc": "ACE acceptance"
                            }
                        ]
                    }
                ]
            }
        },
        {
            "Name": "AM Dudelange",
            "Code": "AMDUD",
            "Details": {
                "Language": "FR,EN",
                "Sites": [
                    {
                        "Name": "Dudelange",
                        "Plant": "LUA0",
                        "Systems": [
                            {
                                "SapSysId": "ACE",
                                "SysDesc": "ACE acceptance"
                            }
                        ]
                    }
                ]
            }
        },
        {
            "Name": "AM Eissenhuttenstadt",
            "Code": "AMEIS",
            "Details": {
                "Language": "DE,EN",
                "Sites": [
                    {
                        "Name": "Eisenhüttenstadt",
                        "Plant": "DEA0",
                        "Systems": [
                            {
                                "SapSysId": "ACE",
                                "SysDesc": "ACE acceptance"
                            }
                        ]
                    }
                ]
            }
        },
        {
            "Name": "AM España",
            "Code": "AMESP",
            "Details": {
                "Language": "ES,EN",
                "Sites": [
                    {
                        "Name": "Aviles",
                        "Plant": "ESA0",
                        "Systems": [
                            {
                                "SapSysId": "ACE",
                                "SysDesc": "ACE acceptance"
                            }
                        ]
                    },
                    {
                        "Name": "Veriña",
                        "Plant": "ESB0",
                        "Systems": [
                            {
                                "SapSysId": "ACE",
                                "SysDesc": "ACE acceptance"
                            }
                        ]
                    },
                    {
                        "Name": "Etxebarri",
                        "Plant": "ESC0",
                        "Systems": [
                            {
                                "SapSysId": "ACE",
                                "SysDesc": "ACE acceptance"
                            }
                        ]
                    },
                    {
                        "Name": "Navarra",
                        "Plant": "ESD0",
                        "Systems": [
                            {
                                "SapSysId": "ACE",
                                "SysDesc": "ACE acceptance"
                            }
                        ]
                    },
                    {
                        "Name": "Sagunto",
                        "Plant": "ESE0",
                        "Systems": [
                            {
                                "SapSysId": "ACE",
                                "SysDesc": "ACE acceptance"
                            }
                        ]
                    },
                    {
                        "Name": "Sestao",
                        "Plant": "ESS0",
                        "Systems": [
                            {
                                "SapSysId": "ACE",
                                "SysDesc": "ACE acceptance"
                            }
                        ]
                    }
                ]
            }
        },
        {
            "Name": "AM Atlantique and Lorraine",
            "Code": "AMAL",
            "Details": {
                "Language": "EN,FR",
                "Sites": [
                    {
                        "Name": "Dunkerque",
                        "Plant": "FRA0",
                        "Systems": [
                            {
                                "SapSysId": "ACE",
                                "SysDesc": "ACE acceptance"
                            }
                        ]
                    },
                    {
                        "Name": "Mardyck",
                        "Plant": "FRB0",
                        "Systems": [
                            {
                                "SapSysId": "ACE",
                                "SysDesc": "ACE acceptance"
                            }
                        ]
                    },
                    {
                        "Name": "Montataire",
                        "Plant": "FRC0",
                        "Systems": [
                            {
                                "SapSysId": "ACE",
                                "SysDesc": "ACE acceptance"
                            }
                        ]
                    },
                    {
                        "Name": "Desvres",
                        "Plant": "FRD0",
                        "Systems": [
                            {
                                "SapSysId": "ACE",
                                "SysDesc": "ACE acceptance"
                            }
                        ]
                    },
                    {
                        "Name": "Florange",
                        "Plant": "FRE0",
                        "Systems": [
                            {
                                "SapSysId": "ACE",
                                "SysDesc": "ACE acceptance"
                            }
                        ]
                    },
                    {
                        "Name": "Basse Indre",
                        "Plant": "FRE0",
                        "Systems": [
                            {
                                "SapSysId": "ACE",
                                "SysDesc": "ACE acceptance"
                            }
                        ]
                    },
                    {
                        "Name": "Mouzon",
                        "Plant": "FRG0",
                        "Systems": [
                            {
                                "SapSysId": "ACE",
                                "SysDesc": "ACE acceptance"
                            }
                        ]
                    },
                    {
                        "Name": "Saint Denis",
                        "Plant": "FRJ0",
                        "Systems": [
                            {
                                "SapSysId": "ACE",
                                "SysDesc": "ACE acceptance"
                            }
                        ]
                    }
                ]
            }
        },
        {
            "Name": "AM France Méditerranée",
            "Code": "AMED",
            "Details": {
                "Language": "FR, EN",
                "Sites": [
                    {
                        "Name": "FOS sur mer",
                        "Plant": "FRH0",
                        "Systems": [
                            {
                                "SapSysId": "ACE",
                                "SysDesc": "ACE acceptance"
                            }
                        ]
                    },
                    {
                        "Name": "Saint Chely",
                        "Plant": "FRI0",
                        "Systems": [
                            {
                                "SapSysId": "ACE",
                                "SysDesc": "ACE acceptance"
                            }
                        ]
                    }
                ]
            }
        },
        {
            "Name": "AM Italia",
            "Code": "AMITA",
            "Details": {
                "Language": "IT,EN",
                "Sites": [
                    {
                        "Name": "Avellino",
                        "Plant": "ITN0",
                        "Systems": [
                            {
                                "SapSysId": "ACE",
                                "SysDesc": "ACE acceptance"
                            }
                        ]
                    },
                    {
                        "Name": "Canossa",
                        "Plant": "ITO0",
                        "Systems": [
                            {
                                "SapSysId": "ACE",
                                "SysDesc": "ACE acceptance"
                            }
                        ]
                    }
                ]
            }
        },
        {
            "Name": "AM Poland",
            "Code": "AMPOL",
            "Details": {
                "Language": "PL,EN",
                "Sites": [
                    {
                        "Name": "DĄBROWA GÓRNICZA",
                        "Plant": "PLA0",
                        "Systems": [
                            {
                                "SapSysId": "ACE",
                                "SysDesc": "ACE acceptance"
                            }
                        ]
                    },
                    {
                        "Name": "SOSNOWIEC",
                        "Plant": "PLB0",
                        "Systems": [
                            {
                                "SapSysId": "ACE",
                                "SysDesc": "ACE acceptance"
                            }
                        ]
                    },
                    {
                        "Name": "KRAKÓW",
                        "Plant": "PLC0",
                        "Systems": [
                            {
                                "SapSysId": "ACE",
                                "SysDesc": "ACE acceptance"
                            }
                        ]
                    },
                    {
                        "Name": "ŚWIĘTOCHŁOWICE",
                        "Plant": "PLD0",
                        "Systems": [
                            {
                                "SapSysId": "ACE",
                                "SysDesc": "ACE acceptance"
                            }
                        ]
                    },
                    {
                        "Name": "Huta Królewska",
                        "Plant": "PLE0",
                        "Systems": [
                            {
                                "SapSysId": "ACE",
                                "SysDesc": "ACE acceptance"
                            }
                        ]
                    },
                    {
                        "Name": "ZDZIESZOWICE",
                        "Plant": "PLF0",
                        "Systems": [
                            {
                                "SapSysId": "ACE",
                                "SysDesc": "ACE acceptance"
                            }
                        ]
                    }
                ]
            }
        }
    ]
}