{
	"Country": [
		{
			"Name": "Virtual ARMP company",
			"Code": "ARMP",
			"Details": {
				"Language": "EN",
				"Sites": [
					{
						"Name": "Plant 1000",
						"Plant": "1000",
						"Systems": [
							{
								"SapSysId": "HAR",
								"SysDesc": "ARMP HAR"
							}
						]
					},
					{
						"Name": "Plant 2000",
						"Plant": "2000",
						"Systems": [
							{
								"SapSysId": "HAR",
								"SysDesc": "ARMP HAR"
							}
						]
					},
					{
						"Name": "Plant 3000",
						"Plant": "3000",
						"Systems": [
							{
								"SapSysId": "HAR",
								"SysDesc": "ARMP HAR"
							}
						]
					}
				]
			}
			
		},
		{
			"Name": "AM Poland",
			"Code": "AMPOL",
			"Details": {
				"Language": "PL,EN",
				"Sites": [
					{
						"Name": "DĄBROWA GÓRNICZA",
						"Plant": "PLA0",
						"Systems": [
							{
								"SapSysId": "HAR",
								"SysDesc": "ARMP HAR"
							}
						]
					},
					{
						"Name": "SOSNOWIEC",
						"Plant": "PLB0",
						"Systems": [
							{
								"SapSysId": "HAR",
								"SysDesc": "ARMP HAR"
							}
						]
					},
					{
						"Name": "KRAKÓW",
						"Plant": "PLC0",
						"Systems": [
							{
								"SapSysId": "HAR",
								"SysDesc": "ARMP HAR"
							}
						]
					},
					{
						"Name": "ŚWIĘTOCHŁOWICE",
						"Plant": "PLD0",
						"Systems": [
							{
								"SapSysId": "HAR",
								"SysDesc": "ARMP HAR"
							}
						]
					},
					{
						"Name": "Huta Królewska",
						"Plant": "PLE0",
						"Systems": [
							{
								"SapSysId": "HAR",
								"SysDesc": "ARMP HAR"
							}
						]
					},
					{
						"Name": "ZDZIESZOWICE",
						"Plant": "PLF0",
						"Systems": [
							{
								"SapSysId": "HAR",
								"SysDesc": "ARMP HAR"
							}
						]
					}
				]
			}
		}
	]
}