{
	"Systems": [{
		"HAR": {
			"sapSysId": "HAR",
			"description": "HAR development",
			"host": "http://amfshars.sap.europe.arcelormittal.com",
			"sapClient": "100",
			"gdlApi": "http://amfe-gdl.svc4mobilework.armp.europe.mittalco.com/api/main/"
		}
	}, {
		"QAR": {
			"sapSysId": "QAR",
			"description": "QAR",
			"host": "http://amfsqars.sap.europe.arcelormittal.com:8020",
			"sapClient": "100",
			"gdlApi": "http://dun-tst-ged04.armony.net:8083/"
		}
	}, {
		"XAR": {
			"sapSysId": "XAR",
			"description": "ARMP XAR",
			"host": "http://amfsxars.sap.europe.arcelormittal.com:8011",
			"sapClient": "100",
			"gdlApi": "http://amfe-gdl.svc4mobilework.armp.europe.mittalco.com/api/main/"
		}
	}, {
		"MAR": {
			"sapSysId": "MAR",
			"description": "ARMP MAR",
			"host": "http://amfsmars.sap.europe.arcelormittal.com:8038",
			"sapClient": "100",
			"gdlApi": "NOT_SPECIFIED"
		}
	}, {
		"AAR": {
			"sapSysId": "AAR",
			"description": "ARMP AAR",
			"host": "http://amfsaars.sap.europe.arcelormittal.com:8011",
			"sapClient": "100",
			"gdlApi": "http://amfe-gdl.svc4mobilework.armp.europe.mittalco.com/api/main/"
		}
	}, {
		"DAR": {
			"sapSysId": "DAR",
			"description": "ARMP DAR",
			"host": "http://amfsdars.sap.europe.arcelormittal.com:8010",
			"sapClient": "100",
			"gdlApi": "http://amfe-gdl.svc4mobilework.armp.europe.mittalco.com/api/main/"
		}
	}, {
		"RAR": {
			"sapSysId": "RAR",
			"description": "ARMP RAR",
			"host": "http://amfsrars.sap.europe.arcelormittal.com:8012",
			"sapClient": "100",
			"gdlApi": "http://amfe-gdl.svc4mobilework.armp.europe.mittalco.com/api/main/"
		}
	}, {
		"PCE": {
			"sapSysId": "PCE",
			"description": "ACE production",
			"host": "http://ace-int.unix.appliarmony.net:51122",
			"sapClient": "010",
			"gdlApi": "http://amfe-gdl.svc4mobilework.ace-prd.europe.mittalco.com/api/main/"
		}
	}, {
		"ACE": {
			"sapSysId": "ACE",
			"description": "ACE acceptance",
			"host": "http://ace-int-qa.unix.appliarmony.net:51121",
			"sapClient": "010",
			"gdlApi": "http://amfe-gdl.svc4mobilework.ace-acc.europe.mittalco.com/api/main/"
		}
	}, {
		"QCE": {
			"sapSysId": "QCE",
			"description": "ACE quality",
			"host": "http://sapmsqce.unix.appliarmony.net:8021",
			"sapClient": "010",
			"gdlApi": "http://amfe-gdl.svc4mobilework.ace-acc.europe.mittalco.com/api/main/"
		}
	}, {
		"DCE": {
			"sapSysId": "DCE",
			"description": "ACE development",
			"host": "http://acesdces.ace-sap.os.itelligence.de:8020",
			"sapClient": "010",
			"gdlApi": "http://amfe-gdl.svc4mobilework.ace-dev.europe.mittalco.com/api/main/"
		}
	}, {
		"HCE": {
			"sapSysId": "HCE",
			"description": "ACE hotfix",
			"host": "http://sapmshce.unix.appliarmony.net:8035",
			"sapClient": "010",
			"gdlApi": "NOT_SPECIFIED"
		}
	}, {
		"TCE": {
			"sapSysId": "TCE",
			"description": "ACE training",
			"host": "http://sapmstce.unix.appliarmony.net:8026",
			"sapClient": "010",
			"gdlApi": "http://amfe-gdl.svc4mobilework.ace-trn.europe.mittalco.com/api/main/"
		}
	}, {
		"P00": {
			"sapSysId": "P00",
			"description": "Brazil production",
			"host": "http://p00bmdb0.arcelormittal.com.br:8104",
			"sapClient": "310",
			"gdlApi": "http://BHZ-APP-GDL01.bms.com.br:8090/GDL_REST_API/api/main/"
		}
	}, {
		"Q00": {
			"sapSysId": "Q00",
			"description": "Brazil acceptance",
			"host": "http://q00bmdb0.arcelormittal.com.br:8001",
			"sapClient": "310",
			"gdlApi": "http://bhz-dev-gdl01.bms.com.br:8090/GDL_REST_API/api/main/"
		}
	}, {
		"PRD": {
			"sapSysId": "PRD",
			"description": "VAMA Production",
			"host": "http://10.81.6.22:8000",
			"sapClient": "800",
			"gdlApi": "NOT_SPECIFIED"
		}
	}, {
		"QAS": {
			"sapSysId": "QAS",
			"description": "VAMA Acceptance",
			"host": "http://10.81.6.25:8000",
			"sapClient": "400",
			"gdlApi": "NOT_SPECIFIED"
		}
	}, {
		"PS5": {
			"sapSysId": "PS5",
			"description": "Aperam Production",
			"host": "http://vapeps5pas.adagility.net:8000",
			"sapClient": "505",
			"gdlApi": "http://awe-app-017.adagility.net:8081/GDL_WEB_SERVICES/Service.asmx"
		}
	}, {
		"RS5": {
			"sapSysId": "RS5",
			"description": "Aperam acceptance",
			"host": "http://vapers5pas.adagility.net:8000",
			"sapClient": "505",
			"gdlApi": "http://AWE-TST-006.adagility.net:8081/GDL_WEB_SERVICES/Service.asmx"
		}
	},{
		"DCP": {
			"sapSysId": "DCP",
			"description": "ACE development",
			"host": "http://acesdcps.ace-sap.os.itelligence.de:8023",
			"sapClient": "010",
			"gdlApi": "http://amfe-gdl.svc4mobileinspection.ace-dev.europe.mittalco.com/api/main/"
		}
	}, {
		"MET": {
			"sapSysId": "MET",
			"description": "Dofasco Island",
			"host": "http://amnmetci.americas.mittalco.com:8030",
			"sapClient": "100",
			"gdlApi": "NOT_SPECIFIED"
		}
	}
]
}