{
	"welcomeFile": "/webapp/WebIDEindex.html",
	"routes": [{
		"path": "/resources",
		"target": {
			"type": "service",
			"name": "sapui5",
			"entryPath": "/resources"
		},
		"description": "SAPUI5 Resources"
	}, {
		"path": "/test-resources",
		"target": {
			"type": "service",
			"name": "sapui5",
			"entryPath": "/test-resources"
		},
		"description": "SAPUI5 Test Resources"
	}, {
		"path": "/sap/opu/odata",
		"target": {
			"type": "destination",
			"name": "amhar",
			"entryPath": "/sap/opu/odata"
		},
		"description": "amhar"
	}],
	"sendWelcomeFileRedirect": true
}