{
	"host": "http://amfshars.sap.europe.arcelormittal.com",
	"gdlApi": "http://dun-tst-ged04.armony.net:8083/GDL_REST_API/api/main/",
	"deviceName": "JDK",
	"sapSysId": "HAR",
	"sapUser": "855527",
	"sapPass": "Flexso01!",
	"sapClient": "100",
	"langu": "nl",
	"shift": "",
	"rfidMand": false,
	"enableLogin": true,
	"enableOrderConfCreation": true,
	"enableDownloadBoms": false,
	"persNoRequired": true,
	"notifFields": {
		"Text": true,
		"Craft": true,
		"Fecod": true,
		"Fetxt": true,
		"Urcod": true,
		"Urtxt": true,
		"Mfcod": true,
		"Mftxt": true,
		"Mncod": true,
		"Matxt": true,
		"Msaus": true,
		"AusvnDatetime": true,
		"AusbsDatetime": true,
		"Ingrp": true,
		"Oteil": true,
		"Qmnam": true
	},
	"MAND_DAMAG": "",
	"MAND_CAUSE": "",
	"MAND_ACTIV": "",
	"CONF_M_DMG": "",
	"CONF_M_CSE": "",
	"CONF_M_BRD": "",
	"IWERK": "",
	"SWERK": "",
	"INGRP": "",
	"ARBPL": "",
	"PERNR": "",
	"fromJSON": true
}